akram,1,1,72000
akram,1,2,60000
akram,1,1,60000
akram,0,0,7995
akram,0,0,11495
akram,0,0,6499
akram,0,0,6719
akram,Air Jordan 1 High OG Spider Man,0,25000
akram,Air Jordan 1 High OG Spider Man,0,25000
akram,Travis Scott x Air Jordan 1 Low OG Olive,0,110000
akram,Adidas Striped Nubuck Sneakers,0,6999
akram,Adidas Striped Nubuck Sneakers,0,6999
akram,Running shoes,0,3000
akram,Air Jordan 1 High OG Spider Man,0,25000
akram,Air Jordan 1 High OG Spider Man,0,25000
akram,Puma Evoke Layup Mid Sneakers,0,4499
akram,Air Jordan 1 High OG Spider Man,0,25000
akram,Puma Evoke Layup Mid Sneakers,0,4499
akram,Adidas Forum 84 Sneakers,0,7799
akram,New balance 996 men Sneakers,0,9147
akram,New balance 650 high top men Sneakers,0,14
akram,New balance XC72 men Sneakers,0,9099
akram,New balance 650 high top men Sneakers,0,14399
akram,New balance 650 high top men Sneakers,0,14399
akram,Adidas Striped Nubuck Sneakers,0,6999
akram,Adidas Postmove Casual Sneakers,0,9695
akram,Adidas Postmove Casual Sneakers,0,9695
akram,Travis Scott x Air Jordan 1 Low OG Olive,0,110000
akram,Samba OG Sneakers,0,8999
akram,Samba OG Sneakers,0,8999
akram,Air Jordan 1 Retro High OG Lost and Found,0,37999
akram,Adidas glide stride running shoes,0,2349
akram,Adidas glide stride running shoes,0,2349
akram,puma fusion x running shoes,0,2199
akram,Adidas glide stride running shoes,0,2349
akram,Adidas glide stride running shoes,0,2349
akram,Adidas vac-run running shoe,0,2759
akram,New balance XC72 men Sneakers,0,9099
akram,New balance XC72 men Sneakers,0,9099
akram,Adidas vac-run running shoe,0,2759
akram,FERRAGAMO-drivers leather loafers with gancini ornament  ,0,63000
akram,FERRAGAMO-drivers leather loafers with gancini ornament  ,0,63000
akram,BALLY- scavone leather boots,0,84000
akram,Nike Panda Dunks,0,8945
akram,Nike Panda Dunks,0,8945
akram,Adidas Men Hoops Mid 3.0 Sneakers,0,4549
akram,Nike Panda Dunks,0,8945
akram,Adidas Men Hoops Mid 3.0 Sneakers,0,4549
akram,Adidas acer indoor training shoes,0,2749
akram,Nike bella 6 training shoes ,0,2769
akram,Nike bella 6 training shoes ,0,2769
akram,Travis Scott x Air Jordan 1 Low OG Olive,0,110000
akram,Nike bella 6 training shoes ,0,2769
akram,Travis Scott x Air Jordan 1 Low OG Olive,0,110000
akram,Adidas Striped Nubuck Sneakers,0,6999
akram,puma fierce running shoe,0,2477
akram,puma fierce running shoe,0,2477
akram,puma fusion x running shoes,0,2199
akram,puma fierce running shoe,0,2477
akram,puma fusion x running shoes,0,2199
akram,Adidas ligra 7M training shoes,0,3419
akram,Adidas new star indoor training shoe,0,3119
akram,Running shoes,0,3000
akram,Nike Air Force,0,9695
akram,Nike Air Force,0,9695
akram,Adidas Men Hoops Mid 3.0 Sneakers,0,4549
akram,Air Jordan 1 Mid,0,11495
akram,Air Jordan 1 Mid,0,11495
akram,TOD'S-double T leather loafers  ,0,56000
akram,Air Jordan 1 Mid,0,11495
akram,Nike Men Blazer Mid 77 Vintage,0,7995
akram,Nike Panda Dunks,0,8945
akram,FERRAGAMO-drivers leather loafers with gancini ornament  ,0,63000
akram,FERRAGAMO-drivers leather loafers with gancini ornament  ,0,63000
akram,BALLY- scavone leather boots,0,84000
akram,Nike Panda Dunks,0,8945
akram,Nike Panda Dunks,0,8945
akram,Nike Panda Dunks,0,8945
akram,Nike Panda Dunks,0,8945
akram,Nike Panda Dunks,0,8945
akram,Nike Panda Dunks,0,8945
akram,Nike Panda Dunks,0,8945
akram,Nike Panda Dunks,0,8945
akram,Nike Panda Dunks,0,8945
akram,Nike Panda Dunks,0,8945
akram,puma ultragrip running shoes ,0,2399
akram,puma fierce running shoe,0,2477
akram,Nike Panda Dunks,0,8945
akram,Nike Panda Dunks,0,8945
,Air Jordan 1 High OG Spider Man,0,25000
,Nike Panda Dunks,0,8945
,Nike Panda Dunks,8,8945
akram,Nike Panda Dunks,8,8945
akram,Nike Panda Dunks,8,8945
akram,nike pegasus running shoes,8,8046
akram,nike pegasus running shoes,8,8046
akram,Air Jordan 1 Retro High OG Lost and Found,8,37999
suresh,Air Jordan 1 High OG Spider Man,8,25000
ramesh,Nike Panda Dunks,8,8945
akram,Nike Panda Dunks,8,8945
akram,Superstar XLG,8,7799
